<odoo>
    <record id="hr_leave_casual_cron" model="ir.cron">
        <field name="name">Casual Leave</field>
        <field name="model_id" ref="model_hr_leave_allocation"/>
        <field name="state">code</field>
        <field name="code">model.hr_leave_casual_cron()</field>
        <field name="interval_number">12</field>
        <field name="interval_type">months</field>
        <field name="numbercall">-1</field>
    </record>

    <record id="hr_leave_half_pay_cron" model="ir.cron">
        <field name="name">Half Pay Leave</field>
        <field name="model_id" ref="model_hr_leave_allocation"/>
        <field name="state">code</field>
        <field name="code">model.hr_leave_half_pay_cron()</field>
        <field name="interval_number">6</field>
        <field name="interval_type">months</field>
        <field name="numbercall">-1</field>
    </record>

    <record id="hr_leave_earned_cron" model="ir.cron">
        <field name="name">Earned Leave</field>
        <field name="model_id" ref="model_hr_leave_allocation"/>
        <field name="state">code</field>
        <field name="code">model.hr_leave_earned_cron()</field>
        <field name="interval_number">6</field>
        <field name="interval_type">months</field>
        <field name="numbercall">-1</field>
    </record>
</odoo>