<odoo>

    <data noupdate="1">


        <record model="organization.type" id="pvt_ltd_pre_occu_org_type_demo">
            <field name="name">Pvt Ltd.</field>
        </record>
        <record model="organization.type" id="ltd_pre_occu_org_type_demo">
            <field name="name">LTD</field>
        </record>
        <record model="organization.type" id="llp_llc_pre_occu_org_type_demo">
            <field name="name">LLP/LLC</field>
        </record>
        <record model="organization.type" id="state_government_pre_occu_org_type_demo">
            <field name="name">State Government</field>
        </record>
        <record model="organization.type" id="central_government_pre_occu_org_type_demo">
            <field name="name">Central Government</field>
        </record>


    </data>

</odoo>