<odoo>

    <data noupdate="1">



        <record model="relative.type" id="father_type_demo">
            <field name="name">Father</field>
        </record>
        <record model="relative.type" id="mother_type_demo">
            <field name="name">Mother</field>
        </record>
        <record model="relative.type" id="son_type_demo">
            <field name="name">Son</field>
        </record>
        <record model="relative.type" id="daughter_type_demo">
            <field name="name">Daughter</field>
        </record>


    </data>

</odoo>