<?xml version="1.0" encoding="utf-8"?>
<odoo>
	<!--Adding a salary rule for loan-->
	<data noupdate="0">

		<record id="hr_rule_payslip_leave" model="hr.salary.rule">
            <field name="code">HPL</field>
            <field name="name">HP Deduction</field>
            <field name="category_id" ref="hr_payroll.DED"/>
            <field name="amount_select">code</field>
            <field name="amount_python_compute">result = ((GROSS/30) * payslip.half_pay)</field>
            <field name="appears_on_payslip" eval="True"/>
            <field name="sequence" eval="500"/>
        </record>

        <record id="hr_rule_input_leave" model="hr.rule.input">
            <field name="code">HPL</field>
            <field name="name">HP Deduction</field>
            <field name="input_id" ref="hr_rule_payslip_leave"/>
        </record>

	</data>
</odoo>
