<odoo>
     <record model="ir.module.category" id="module_blog_post_categories">
        <field name="name">Blog Post Categories</field>
        <field name="description">Help You For Post</field>
        <field name="sequence">20</field>
    </record>

    <record id="group_manager_blog_post_ih" model="res.groups">
        <field name="name">Post Manager</field>
        <field name="category_id" ref="module_blog_post_categories"/>
    </record>
    <record id="group_user_blog_post_ih" model="res.groups">
        <field name="name">Post User</field>
        <field name="category_id" ref="module_blog_post_categories"/>
    </record>


</odoo>