<odoo>
     <record model="ir.module.category" id="module_vardhman_intranet_home">
        <field name="name">Vardhman Intranet Home</field>
        <field name="description">Intranet Home</field>
        <field name="sequence">20</field>
    </record>

    <record id="group_intranet_home_admin" model="res.groups">
        <field name="name">Intranet Admin</field>
        <field name="category_id" ref="module_vardhman_intranet_home"/>
    </record>
    <record id="group_intranet_home_content_moderator" model="res.groups">
        <field name="name">Intranet Content Moderator</field>
        <field name="category_id" ref="module_vardhman_intranet_home"/>
    </record>

    <record id="group_intranet_home_user" model="res.groups">
        <field name="name">Intranet User</field>
        <field name="category_id" ref="module_vardhman_intranet_home"/>
    </record>


</odoo>