<?xml version="1.0" encoding="utf-8"?>
<odoo>
    <data noupdate="1">


    <record id="ir_rule_contract_security" model="ir.rule">
        <field name="model_id" ref="hr_contract.model_hr_contract"/>
        <field name="domain_force">['|',  ('job_id.branch_id','=',False), ('job_id.branch_id.id','in',[g.id for g in user.branch_ids])] </field>
        <field name="name">Allowed contract User</field>
        <field name="groups" eval="[(4, ref('base.group_user'))]"/>
    </record>

<!--        <record id="ir_rule_all_contract" model="ir.rule">-->
<!--            <field name="name">All contract</field>-->
<!--            <field name="model_id" ref="model_hr_contract"/>-->
<!--            <field name="domain_force">[(1, '=', 1)]</field>-->
<!--            <field name="groups" eval="[(4, ref('base.group_erp_manager'))]"/>-->
<!--        </record>-->


    </data>
</odoo>