<?xml version="1.0" encoding="utf-8"?>
<odoo>


    <record id="ir_rule_applicant_security" model="ir.rule">
        <field name="model_id" ref="model_hr_applicant"/>
        <field name="domain_force">['|', ('job_id.branch_id','=',False), ('job_id.branch_id.id','in',[g.id for g in user.branch_ids])] </field>
        <field name="name">Allowed Applicant</field>
        <field name="groups" eval="[(4, ref('base.group_user'))]"/>
    </record>

<!--        <record id="ir_rule_all_applicant" model="ir.rule">-->
<!--            <field name="name">All Applicant</field>-->
<!--            <field name="model_id" ref="model_hr_applicant"/>-->
<!--            <field name="domain_force">[(1, '=', 1)]</field>-->
<!--            <field name="groups" eval="[(4, ref('base.group_erp_manager'))]"/>-->
<!--        </record>-->

</odoo>
