<?xml version="1.0" encoding="UTF-8"?>
<templates id="template" xml:space="preserve">

<t t-name="hr_skill_data_row">

    <tr class="o_data_row" t-att-data-id="id">
        <td class="o_data_cell o_skill_cell">
            <t t-esc="data.skill_id.data.display_name"/>
        </td>
        <td class="o_data_cell o_skill_cell">
            <t t-esc="data.skill_level_id.data.display_name"/>
        </td>
    </tr>
</t>

<t t-name="hr_default_group_row">
    <tr class="o_group_header o_group_has_content">
        <th class="o_group_name" colspan="99"><t t-esc="display_name"/></th>
    </tr>
</t>


</templates>
