<?xml version="1.0" encoding="utf-8"?>
<odoo>
    <data noupdate="1">

        <!-- Sequences for hr.resignation -->
        <record id="seq_hr_employee_requisition" model="ir.sequence">
            <field name="name">Employee Requisition</field>
            <field name="code">hr.requisition</field>
            <field name="prefix">REQ</field>
            <field name="padding">3</field>
            <field name="company_id" eval="False"/>
        </record>

        <!--group-->
        <record model="ir.module.category" id="module_requisition_category">
            <field name="name">Hr Requisition</field>
            <field name="description">Hr Requisition</field>
            <field name="sequence">25</field>
        </record>

        <record id="group_requisition_manager" model="res.groups">
            <field name="name">Manager</field>
            <field name="category_id" ref="module_requisition_category"/>
        </record>


    </data>
</odoo>
