<?xml version="1.0" encoding="utf-8"?>
<!-- Copyright Nova Code (http://www.novacode.nl)
See LICENSE file for full licensing details. -->

<odoo>
    <data>
        <record id="formio_res_model_hr_applicant" model="formio.res.model">
            <field name="ir_model_id" ref="hr_recruitment.model_hr_applicant"/>
        </record>
        
        <record id="formio_builder_hr_applicant_demo" model="formio.builder">
            <field name="name">job_demo_1</field>
            <field name="title">Demo Hob 1</field>
            <field name="formio_version_id" ref="formio.version_4_7_8"/>
            <field name="formio_res_model_id" ref="hr_applicant.formio_res_model_hr_applicant"/>
            <field name="schema">{"components": [{"title": "Personal Details", "theme": "warning", "collapsible": true, "key": "applicationFeeDetails", "type": "panel", "label": "P", "input": false, "collapsed": false, "components": [{"label": "Application Detail", "columns": [{"components": [{"label": "Applicant Name", "spellcheck": true, "tableView": true, "validate": {"required": true, "unique": false, "multiple": false, "custom": "", "customPrivate": false, "strictDateValidation": false, "minLength": "", "maxLength": "", "pattern": ""}, "key": "applicantName", "type": "textfield", "input": true, "hideOnChildrenHidden": false, "placeholder": "", "prefix": "", "customClass": "", "suffix": "", "multiple": false, "defaultValue": null, "protected": false, "unique": false, "persistent": true, "hidden": false, "clearOnHide": true, "refreshOn": "", "redrawOn": "", "labelPosition": "top", "description": "", "errorLabel": "", "tooltip": "", "hideLabel": false, "tabindex": "", "disabled": false, "autofocus": false, "dbIndex": false, "customDefaultValue": "", "calculateValue": "", "widget": {"type": "input"}, "attributes": {}, "validateOn": "change", "conditional": {"show": null, "when": null, "eq": ""}, "overlay": {"style": "", "left": "", "top": "", "width": "", "height": ""}, "allowCalculateOverride": false, "encrypted": false, "alwaysEnabled": false, "showCharCount": false, "showWordCount": false, "properties": {}, "allowMultipleMasks": false, "mask": false, "inputType": "text", "inputFormat": "plain", "inputMask": "", "id": "ef7ao14"}, {"label": "Father's Name", "spellcheck": true, "tableView": true, "validate": {"required": true, "unique": false, "multiple": false, "custom": "", "customPrivate": false, "strictDateValidation": false, "minLength": "", "maxLength": "", "pattern": ""}, "key": "applicantName1", "type": "textfield", "input": true, "hideOnChildrenHidden": false, "placeholder": "", "prefix": "", "customClass": "", "suffix": "", "multiple": false, "defaultValue": null, "protected": false, "unique": false, "persistent": true, "hidden": false, "clearOnHide": true, "refreshOn": "", "redrawOn": "", "labelPosition": "top", "description": "", "errorLabel": "", "tooltip": "", "hideLabel": false, "tabindex": "", "disabled": false, "autofocus": false, "dbIndex": false, "customDefaultValue": "", "calculateValue": "", "widget": {"type": "input"}, "attributes": {}, "validateOn": "change", "conditional": {"show": null, "when": null, "eq": ""}, "overlay": {"style": "", "left": "", "top": "", "width": "", "height": ""}, "allowCalculateOverride": false, "encrypted": false, "alwaysEnabled": false, "showCharCount": false, "showWordCount": false, "properties": {}, "allowMultipleMasks": false, "mask": false, "inputType": "text", "inputFormat": "plain", "inputMask": "", "id": "esi4ow"}, {"label": "Mother's Name", "spellcheck": true, "tableView": true, "validate": {"required": true, "unique": false, "multiple": false, "custom": "", "customPrivate": false, "strictDateValidation": false, "minLength": "", "maxLength": "", "pattern": ""}, "key": "applicantName2", "type": "textfield", "input": true, "hideOnChildrenHidden": false, "placeholder": "", "prefix": "", "customClass": "", "suffix": "", "multiple": false, "defaultValue": null, "protected": false, "unique": false, "persistent": true, "hidden": false, "clearOnHide": true, "refreshOn": "", "redrawOn": "", "labelPosition": "top", "description": "", "errorLabel": "", "tooltip": "", "hideLabel": false, "tabindex": "", "disabled": false, "autofocus": false, "dbIndex": false, "customDefaultValue": "", "calculateValue": "", "widget": {"type": "input"}, "attributes": {}, "validateOn": "change", "conditional": {"show": null, "when": null, "eq": ""}, "overlay": {"style": "", "left": "", "top": "", "width": "", "height": ""}, "allowCalculateOverride": false, "encrypted": false, "alwaysEnabled": false, "showCharCount": false, "showWordCount": false, "properties": {}, "allowMultipleMasks": false, "mask": false, "inputType": "text", "inputFormat": "plain", "inputMask": "", "id": "ehkpxs"}, {"label": "Date of Birth (DoB)", "hideInputLabels": false, "inputsLabelPosition": "top", "useLocaleSettings": false, "tableView": false, "fields": {"day": {"hide": false, "required": true, "type": "number", "placeholder": ""}, "month": {"hide": false, "required": true, "type": "select", "placeholder": ""}, "year": {"hide": false, "required": true, "type": "number", "placeholder": ""}}, "validate": {"unique": false, "multiple": false, "required": false, "custom": "", "customPrivate": false, "strictDateValidation": false}, "key": "dateOfBirthDoB", "type": "day", "input": true, "defaultValue": "00/00/0000", "hideOnChildrenHidden": false, "placeholder": "", "prefix": "", "customClass": "", "suffix": "", "multiple": false, "protected": false, "unique": false, "persistent": true, "hidden": false, "clearOnHide": true, "refreshOn": "", "redrawOn": "", "labelPosition": "top", "description": "", "errorLabel": "", "tooltip": "", "hideLabel": false, "tabindex": "", "disabled": false, "autofocus": false, "dbIndex": false, "customDefaultValue": "", "calculateValue": "", "widget": null, "attributes": {}, "validateOn": "change", "conditional": {"show": null, "when": null, "eq": ""}, "overlay": {"style": "", "left": "", "top": "", "width": "", "height": ""}, "allowCalculateOverride": false, "encrypted": false, "alwaysEnabled": false, "showCharCount": false, "showWordCount": false, "properties": {}, "allowMultipleMasks": false, "dayFirst": false, "id": "eaevf9"}, {"label": "Gender", "tableView": true, "data": {"values": [{"value": "male", "label": "Male"}, {"label": "Female", "value": "female"}, {"label": "Bi-Sexual", "value": "biSexual"}], "json": "", "url": "", "resource": "", "custom": ""}, "selectThreshold": 0.3, "validate": {"required": true, "unique": false, "multiple": false, "custom": "", "customPrivate": false, "strictDateValidation": false}, "key": "gender", "type": "select", "indexeddb": {"filter": {}}, "input": true, "hideOnChildrenHidden": false, "placeholder": "", "prefix": "", "customClass": "", "suffix": "", "multiple": false, "defaultValue": null, "protected": false, "unique": false, "persistent": true, "hidden": false, "clearOnHide": true, "refreshOn": "", "redrawOn": "", "labelPosition": "top", "description": "", "errorLabel": "", "tooltip": "", "hideLabel": false, "tabindex": "", "disabled": false, "autofocus": false, "dbIndex": false, "customDefaultValue": "", "calculateValue": "", "widget": null, "attributes": {}, "validateOn": "change", "conditional": {"show": null, "when": null, "eq": ""}, "overlay": {"style": "", "left": "", "top": "", "width": "", "height": ""}, "allowCalculateOverride": false, "encrypted": false, "alwaysEnabled": false, "showCharCount": false, "showWordCount": false, "properties": {}, "allowMultipleMasks": false, "clearOnRefresh": false, "limit": 100, "dataSrc": "values", "valueProperty": "", "lazyLoad": true, "filter": "", "searchEnabled": true, "searchField": "", "minSearch": 0, "readOnlyValue": false, "authenticate": false, "template": "<span>{{ item.label }}</span>", "selectFields": "", "searchThreshold": 0.3, "fuseOptions": {"include": "score", "threshold": 0.3}, "customOptions": {}, "id": "esuk7pk"}, {"label": "Category", "labelPosition": "top", "widget": "choicesjs", "placeholder": "", "description": "", "tooltip": "", "customClass": "", "tabindex": "", "hidden": false, "hideLabel": false, "autofocus": false, "disabled": false, "alwaysEnabled": false, "tableView": true, "multiple": false, "dataSrc": "url", "data": {"values": [{"value": "adv001", "label": "Adv. 001"}, {"label": "Adv. 002", "value": "adv002"}], "resource": "", "url": "data", "headers": [{}], "json": "", "custom": ""}, "valueProperty": "", "dataType": "", "template": "<span>{{ item.label }}</span>", "searchEnabled": true, "selectThreshold": 0.3, "readOnlyValue": false, "customOptions": {}, "persistent": true, "protected": false, "dbIndex": false, "encrypted": false, "clearOnHide": true, "customDefaultValue": "", "calculateValue": "", "allowCalculateOverride": false, "validateOn": "change", "validate": {"required": true, "customMessage": "", "custom": "", "customPrivate": false, "json": "", "unique": false, "multiple": false, "strictDateValidation": false}, "unique": false, "errorLabel": "", "key": "category_id", "tags": "", "properties": {}, "conditional": {"show": null, "when": null, "eq": "", "json": ""}, "customConditional": "", "logic": [], "attributes": {}, "overlay": {"style": "", "page": "", "left": "", "top": "", "width": "", "height": ""}, "type": "select", "minSearch": 0, "filter": "model=employee.category&label=name", "limit": 100, "indexeddb": {"filter": {}}, "input": true, "value": "advertisementNo", "hideOnChildrenHidden": false, "prefix": "", "suffix": "", "refreshOn": "", "redrawOn": "", "showCharCount": false, "showWordCount": false, "allowMultipleMasks": false, "clearOnRefresh": false, "lazyLoad": true, "searchField": "", "authenticate": false, "selectFields": "", "searchThreshold": 0.3, "fuseOptions": {"include": "score", "threshold": 0.3}, "id": "egr9lo", "defaultValue": {}}, {"label": "Religion", "labelPosition": "top", "widget": "choicesjs", "placeholder": "", "description": "", "tooltip": "", "customClass": "", "tabindex": "", "hidden": false, "hideLabel": false, "autofocus": false, "disabled": false, "alwaysEnabled": false, "tableView": true, "multiple": false, "dataSrc": "url", "data": {"values": [{"value": "adv001", "label": "Adv. 001"}, {"label": "Adv. 002", "value": "adv002"}], "resource": "", "url": "data", "headers": [{}], "json": "", "custom": ""}, "valueProperty": "", "dataType": "", "template": "<span>{{ item.label }}</span>", "searchEnabled": true, "selectThreshold": 0.3, "readOnlyValue": false, "customOptions": {}, "persistent": true, "protected": false, "dbIndex": false, "encrypted": false, "clearOnHide": true, "customDefaultValue": "", "calculateValue": "", "allowCalculateOverride": false, "validateOn": "change", "validate": {"required": true, "customMessage": "", "custom": "", "customPrivate": false, "json": "", "unique": false, "multiple": false, "strictDateValidation": false}, "unique": false, "errorLabel": "", "key": "religion_id", "tags": "", "properties": {}, "conditional": {"show": null, "when": null, "eq": "", "json": ""}, "customConditional": "", "logic": [], "attributes": {}, "overlay": {"style": "", "page": "", "left": "", "top": "", "width": "", "height": ""}, "type": "select", "minSearch": 0, "filter": "model=employee.religion&label=name", "limit": 100, "indexeddb": {"filter": {}}, "input": true, "value": "advertisementNo", "hideOnChildrenHidden": false, "prefix": "", "suffix": "", "refreshOn": "", "redrawOn": "", "showCharCount": false, "showWordCount": false, "allowMultipleMasks": false, "clearOnRefresh": false, "lazyLoad": true, "searchField": "", "authenticate": false, "selectFields": "", "searchThreshold": 0.3, "fuseOptions": {"include": "score", "threshold": 0.3}, "id": "ejqf9gm", "defaultValue": {}}, {"label": "Country", "labelPosition": "top", "widget": "choicesjs", "placeholder": "", "description": "", "tooltip": "", "customClass": "", "tabindex": "", "hidden": false, "hideLabel": false, "autofocus": false, "disabled": false, "alwaysEnabled": false, "tableView": true, "multiple": false, "dataSrc": "url", "data": {"values": [{"value": "adv001", "label": "Adv. 001"}, {"label": "Adv. 002", "value": "adv002"}], "resource": "", "url": "data", "headers": [{}], "json": "", "custom": ""}, "valueProperty": "", "dataType": "", "template": "<span>{{ item.label }}</span>", "searchEnabled": true, "selectThreshold": 0.3, "readOnlyValue": false, "customOptions": {}, "persistent": true, "protected": false, "dbIndex": false, "encrypted": false, "clearOnHide": true, "customDefaultValue": "", "calculateValue": "", "allowCalculateOverride": false, "validateOn": "change", "validate": {"required": true, "customMessage": "", "custom": "", "customPrivate": false, "json": "", "unique": false, "multiple": false, "strictDateValidation": false}, "unique": false, "errorLabel": "", "key": "country_id", "tags": "", "properties": {}, "conditional": {"show": null, "when": null, "eq": "", "json": ""}, "customConditional": "", "logic": [], "attributes": {}, "overlay": {"style": "", "page": "", "left": "", "top": "", "width": "", "height": ""}, "type": "select", "minSearch": 0, "filter": "model=res.country&label=name", "limit": 100, "indexeddb": {"filter": {}}, "input": true, "value": "advertisementNo", "hideOnChildrenHidden": false, "prefix": "", "suffix": "", "refreshOn": "", "redrawOn": "", "showCharCount": false, "showWordCount": false, "allowMultipleMasks": false, "clearOnRefresh": false, "lazyLoad": true, "searchField": "", "authenticate": false, "selectFields": "", "searchThreshold": 0.3, "fuseOptions": {"include": "score", "threshold": 0.3}, "id": "e9bdpng", "defaultValue": {}}, {"label": "Whether Ex Service Man", "labelPosition": "top", "widget": "choicesjs", "placeholder": "", "description": "", "tooltip": "", "customClass": "", "tabindex": "", "hidden": false, "hideLabel": false, "autofocus": false, "disabled": false, "alwaysEnabled": false, "tableView": true, "multiple": false, "dataSrc": "values", "data": {"values": [{"value": "yes", "label": "Yes"}, {"label": "No", "value": "no"}], "resource": "", "json": "", "url": "", "custom": ""}, "valueProperty": "", "dataType": "", "template": "<span>{{ item.label }}</span>", "searchEnabled": true, "selectThreshold": 0.3, "readOnlyValue": false, "customOptions": {}, "persistent": true, "protected": false, "dbIndex": false, "encrypted": false, "clearOnHide": true, "customDefaultValue": "", "calculateValue": "", "allowCalculateOverride": false, "validateOn": "change", "validate": {"required": true, "customMessage": "", "custom": "", "customPrivate": false, "json": "", "unique": false, "multiple": false, "strictDateValidation": false}, "unique": false, "errorLabel": "", "key": "ex_serviceman", "tags": "", "properties": {}, "conditional": {"show": null, "when": null, "eq": "", "json": ""}, "customConditional": "", "logic": [], "attributes": {}, "overlay": {"style": "", "page": "", "left": "", "top": "", "width": "", "height": ""}, "type": "select", "minSearch": 0, "limit": 100, "indexeddb": {"filter": {}}, "input": true, "hideOnChildrenHidden": false, "prefix": "", "suffix": "", "refreshOn": "", "redrawOn": "", "showCharCount": false, "showWordCount": false, "allowMultipleMasks": false, "clearOnRefresh": false, "lazyLoad": true, "filter": "", "searchField": "", "authenticate": false, "selectFields": "", "searchThreshold": 0.3, "fuseOptions": {"include": "score", "threshold": 0.3}, "id": "e0gdb36", "defaultValue": ""}, {"label": "Are you a Government Employee", "labelPosition": "top", "widget": "choicesjs", "placeholder": "", "description": "", "tooltip": "", "customClass": "", "tabindex": "", "hidden": false, "hideLabel": false, "autofocus": false, "disabled": false, "alwaysEnabled": false, "tableView": true, "multiple": false, "dataSrc": "values", "data": {"values": [{"value": "yes", "label": "Yes"}, {"label": "No", "value": "no"}], "resource": "", "json": "", "url": "", "custom": ""}, "valueProperty": "", "dataType": "", "template": "<span>{{ item.label }}</span>", "searchEnabled": true, "selectThreshold": 0.3, "readOnlyValue": false, "customOptions": {}, "persistent": true, "protected": false, "dbIndex": false, "encrypted": false, "clearOnHide": true, "customDefaultValue": "", "calculateValue": "", "allowCalculateOverride": false, "validateOn": "change", "validate": {"required": true, "customMessage": "", "custom": "", "customPrivate": false, "json": "", "unique": false, "multiple": false, "strictDateValidation": false}, "unique": false, "errorLabel": "", "key": "government_employee", "tags": "", "properties": {}, "conditional": {"show": null, "when": null, "eq": "", "json": ""}, "customConditional": "", "logic": [], "attributes": {}, "overlay": {"style": "", "page": "", "left": "", "top": "", "width": "", "height": ""}, "type": "select", "minSearch": 0, "limit": 100, "indexeddb": {"filter": {}}, "input": true, "hideOnChildrenHidden": false, "prefix": "", "suffix": "", "refreshOn": "", "redrawOn": "", "showCharCount": false, "showWordCount": false, "allowMultipleMasks": false, "clearOnRefresh": false, "lazyLoad": true, "filter": "", "searchField": "", "authenticate": false, "selectFields": "", "searchThreshold": 0.3, "fuseOptions": {"include": "score", "threshold": 0.3}, "id": "ek4wth9", "defaultValue": ""}, {"label": "Physically Handicapped", "labelPosition": "top", "widget": "choicesjs", "placeholder": "", "description": "", "tooltip": "", "customClass": "", "tabindex": "", "hidden": false, "hideLabel": false, "autofocus": false, "disabled": false, "alwaysEnabled": false, "tableView": true, "multiple": false, "dataSrc": "values", "data": {"values": [{"value": "yes", "label": "Yes"}, {"label": "No", "value": "no"}], "resource": "", "json": "", "url": "", "custom": ""}, "valueProperty": "", "dataType": "", "template": "<span>{{ item.label }}</span>", "searchEnabled": true, "selectThreshold": 0.3, "readOnlyValue": false, "customOptions": {}, "persistent": true, "protected": false, "dbIndex": false, "encrypted": false, "clearOnHide": true, "customDefaultValue": "", "calculateValue": "", "allowCalculateOverride": false, "validateOn": "change", "validate": {"required": true, "customMessage": "", "custom": "", "customPrivate": false, "json": "", "unique": false, "multiple": false, "strictDateValidation": false}, "unique": false, "errorLabel": "", "key": "physically_handicapped", "tags": "", "properties": {}, "conditional": {"show": null, "when": null, "eq": "", "json": ""}, "customConditional": "", "logic": [], "attributes": {}, "overlay": {"style": "", "page": "", "left": "", "top": "", "width": "", "height": ""}, "type": "select", "minSearch": 0, "limit": 100, "indexeddb": {"filter": {}}, "input": true, "hideOnChildrenHidden": false, "prefix": "", "suffix": "", "refreshOn": "", "redrawOn": "", "showCharCount": false, "showWordCount": false, "allowMultipleMasks": false, "clearOnRefresh": false, "lazyLoad": true, "filter": "", "searchField": "", "authenticate": false, "selectFields": "", "searchThreshold": 0.3, "fuseOptions": {"include": "score", "threshold": 0.3}, "id": "ej2qiki", "defaultValue": ""}], "width": 6, "offset": 0, "push": 0, "pull": 0}, {"components": [{"label": "Advertisement No.", "labelPosition": "top", "widget": "choicesjs", "placeholder": "", "description": "", "tooltip": "", "customClass": "", "tabindex": "", "hidden": false, "hideLabel": false, "autofocus": false, "disabled": false, "alwaysEnabled": false, "tableView": true, "multiple": false, "dataSrc": "url", "data": {"values": [{"value": "adv001", "label": "Adv. 001"}, {"label": "Adv. 002", "value": "adv002"}], "resource": "", "json": "", "url": "data", "custom": "", "headers": [{}]}, "valueProperty": "", "dataType": "", "template": "<span>{{ item.label }}</span>", "searchEnabled": true, "selectThreshold": 0.3, "readOnlyValue": false, "customOptions": {}, "persistent": true, "protected": false, "dbIndex": false, "encrypted": false, "clearOnHide": true, "customDefaultValue": "", "calculateValue": "", "allowCalculateOverride": false, "validateOn": "change", "validate": {"required": true, "customMessage": "", "custom": "", "customPrivate": false, "json": "", "unique": false, "multiple": false, "strictDateValidation": false}, "unique": false, "errorLabel": "", "key": "advertisementNo", "tags": "", "properties": {}, "conditional": {"show": null, "when": null, "eq": "", "json": ""}, "customConditional": "", "logic": [], "attributes": {}, "overlay": {"style": "", "page": "", "left": "", "top": "", "width": "", "height": ""}, "type": "select", "minSearch": 0, "limit": 100, "indexeddb": {"filter": {}}, "input": true, "value": "advertisementNo", "hideOnChildrenHidden": false, "prefix": "", "suffix": "", "refreshOn": "", "redrawOn": "", "showCharCount": false, "showWordCount": false, "allowMultipleMasks": false, "clearOnRefresh": false, "lazyLoad": true, "filter": "model=hr.requisition.application&label=name", "searchField": "", "authenticate": false, "selectFields": "", "searchThreshold": 0.3, "fuseOptions": {"include": "score", "threshold": 0.3}, "id": "euohcds", "defaultValue": {}}, {"label": "Application for the post of", "labelPosition": "top", "widget": "choicesjs", "placeholder": "", "description": "", "tooltip": "", "customClass": "", "tabindex": "", "hidden": false, "hideLabel": false, "autofocus": false, "disabled": false, "alwaysEnabled": false, "tableView": true, "multiple": false, "dataSrc": "url", "defaultValue": {}, "data": {"values": [{"value": "adv001", "label": "Adv. 001"}, {"label": "Adv. 002", "value": "adv002"}], "resource": "", "url": "data", "headers": [{}], "json": "", "custom": ""}, "valueProperty": "", "dataType": "", "template": "<span>{{ item.label }}</span>", "searchEnabled": true, "selectThreshold": 0.3, "readOnlyValue": false, "customOptions": {}, "persistent": true, "protected": false, "dbIndex": false, "encrypted": false, "clearOnHide": true, "customDefaultValue": "", "calculateValue": "", "allowCalculateOverride": false, "validateOn": "change", "validate": {"required": true, "customMessage": "", "custom": "", "customPrivate": false, "json": "", "unique": false, "multiple": false, "strictDateValidation": false}, "unique": false, "errorLabel": "", "key": "advertisementNo2", "tags": "", "properties": {}, "conditional": {"show": null, "when": null, "eq": "", "json": ""}, "customConditional": "", "logic": [], "attributes": {}, "overlay": {"style": "", "page": "", "left": "", "top": "", "width": "", "height": ""}, "type": "select", "minSearch": 0, "filter": "model=hr.job&label=name", "limit": 100, "indexeddb": {"filter": {}}, "input": true, "value": "advertisementNo", "hideOnChildrenHidden": false, "prefix": "", "suffix": "", "refreshOn": "", "redrawOn": "", "showCharCount": false, "showWordCount": false, "allowMultipleMasks": false, "clearOnRefresh": false, "lazyLoad": true, "searchField": "", "authenticate": false, "selectFields": "", "searchThreshold": 0.3, "fuseOptions": {"include": "score", "threshold": 0.3}, "id": "e7pjm9q"}, {"label": "Mode of Recruitment", "optionsLabelPosition": "right", "inline": false, "tableView": false, "values": [{"label": "Direct Recruitment (DR)", "value": "directRecruitmentDr", "shortcut": ""}, {"label": "Transfer (Absoption)", "value": "transferAbsoption", "shortcut": ""}, {"label": "Immediate Absorption", "value": "immediateAbsorption", "shortcut": ""}, {"label": "Deputation", "value": "deputation", "shortcut": ""}, {"label": "Compassionate Appointment", "value": "compassionateAppointment", "shortcut": ""}], "validate": {"required": true, "unique": false, "multiple": false, "custom": "", "customPrivate": false, "strictDateValidation": false}, "key": "modeOfRecruitment", "type": "radio", "input": true, "hideOnChildrenHidden": false, "placeholder": "", "prefix": "", "customClass": "", "suffix": "", "multiple": false, "defaultValue": null, "protected": false, "unique": false, "persistent": true, "hidden": false, "clearOnHide": true, "refreshOn": "", "redrawOn": "", "labelPosition": "top", "description": "", "errorLabel": "", "tooltip": "", "hideLabel": false, "tabindex": "", "disabled": false, "autofocus": false, "dbIndex": false, "customDefaultValue": "", "calculateValue": "", "widget": null, "attributes": {}, "validateOn": "change", "conditional": {"show": null, "when": null, "eq": ""}, "overlay": {"style": "", "left": "", "top": "", "width": "", "height": ""}, "allowCalculateOverride": false, "encrypted": false, "alwaysEnabled": false, "showCharCount": false, "showWordCount": false, "properties": {}, "allowMultipleMasks": false, "inputType": "radio", "fieldSet": false, "id": "e5znp2r"}, {"label": "Upload Image", "tableView": false, "storage": "base64", "image": true, "webcam": false, "fileTypes": [{"label": "", "value": ""}], "filePattern": "*.jpg", "fileMaxSize": "50MB", "validate": {"required": true, "unique": false, "multiple": false, "custom": "", "customPrivate": false, "strictDateValidation": false}, "key": "uploadImage", "type": "file", "input": true, "hideOnChildrenHidden": false, "placeholder": "", "prefix": "", "customClass": "", "suffix": "", "multiple": false, "defaultValue": null, "protected": false, "unique": false, "persistent": true, "hidden": false, "clearOnHide": true, "refreshOn": "", "redrawOn": "", "labelPosition": "top", "description": "", "errorLabel": "", "tooltip": "", "hideLabel": false, "tabindex": "", "disabled": false, "autofocus": false, "dbIndex": false, "customDefaultValue": "", "calculateValue": "", "widget": null, "attributes": {}, "validateOn": "change", "conditional": {"show": null, "when": null, "eq": ""}, "overlay": {"style": "", "left": "", "top": "", "width": "", "height": ""}, "allowCalculateOverride": false, "encrypted": false, "alwaysEnabled": false, "showCharCount": false, "showWordCount": false, "properties": {}, "allowMultipleMasks": false, "privateDownload": false, "imageSize": "200", "fileMinSize": "0KB", "uploadOnly": false, "id": "ef80ylv"}], "width": 6, "offset": 0, "push": 0, "pull": 0}], "key": "applicationDetail", "type": "columns", "input": false, "path": "applicationDetail"}, {"title": "Communication Address", "collapsible": false, "key": "communicationAddress", "type": "panel", "label": "Communication Address", "input": false, "components": [{"label": "Columns", "columns": [{"components": [{"label": "Street", "labelPosition": "top", "placeholder": "", "description": "", "tooltip": "", "prefix": "", "suffix": "", "widget": {"type": "input"}, "inputMask": "", "allowMultipleMasks": false, "customClass": "", "tabindex": "", "hidden": false, "hideLabel": false, "showWordCount": false, "showCharCount": false, "mask": false, "autofocus": false, "spellcheck": true, "disabled": false, "alwaysEnabled": false, "tableView": true, "multiple": false, "persistent": true, "inputFormat": "plain", "protected": false, "dbIndex": false, "case": "", "encrypted": false, "redrawOn": "", "clearOnHide": true, "customDefaultValue": "", "calculateValue": "", "allowCalculateOverride": false, "validateOn": "change", "validate": {"required": false, "pattern": "", "customMessage": "", "custom": "", "customPrivate": false, "json": "", "minLength": "", "maxLength": "", "strictDateValidation": false}, "unique": false, "errorLabel": "", "key": "street", "tags": "", "properties": {}, "conditional": {"show": null, "when": null, "eq": "", "json": ""}, "customConditional": "", "logic": [], "attributes": {}, "overlay": {"style": "", "page": "", "left": "", "top": "", "width": "", "height": ""}, "type": "textfield", "input": true, "refreshOn": "", "inputType": "text", "defaultValue": "", "hideOnChildrenHidden": false, "id": "emr37o"}], "width": 2, "offset": 0, "push": 0, "pull": 0}, {"components": [{"label": "Street 2", "labelPosition": "top", "placeholder": "", "description": "", "tooltip": "", "prefix": "", "suffix": "", "widget": {"type": "input"}, "inputMask": "", "allowMultipleMasks": false, "customClass": "", "tabindex": "", "hidden": false, "hideLabel": false, "showWordCount": false, "showCharCount": false, "mask": false, "autofocus": false, "spellcheck": true, "disabled": false, "alwaysEnabled": false, "tableView": true, "multiple": false, "persistent": true, "inputFormat": "plain", "protected": false, "dbIndex": false, "case": "", "encrypted": false, "redrawOn": "", "clearOnHide": true, "customDefaultValue": "", "calculateValue": "", "allowCalculateOverride": false, "validateOn": "change", "validate": {"required": false, "pattern": "", "customMessage": "", "custom": "", "customPrivate": false, "json": "", "minLength": "", "maxLength": "", "strictDateValidation": false}, "unique": false, "errorLabel": "", "key": "street2", "tags": "", "properties": {}, "conditional": {"show": null, "when": null, "eq": "", "json": ""}, "customConditional": "", "logic": [], "attributes": {}, "overlay": {"style": "", "page": "", "left": "", "top": "", "width": "", "height": ""}, "type": "textfield", "input": true, "refreshOn": "", "inputType": "text", "defaultValue": "", "hideOnChildrenHidden": false, "id": "eqvv9l8"}], "width": 2, "offset": 0, "push": 0, "pull": 0}, {"components": [{"label": "City", "labelPosition": "top", "placeholder": "", "description": "", "tooltip": "", "prefix": "", "suffix": "", "widget": {"type": "input"}, "inputMask": "", "allowMultipleMasks": false, "customClass": "", "tabindex": "", "hidden": false, "hideLabel": false, "showWordCount": false, "showCharCount": false, "mask": false, "autofocus": false, "spellcheck": true, "disabled": false, "alwaysEnabled": false, "tableView": true, "multiple": false, "persistent": true, "inputFormat": "plain", "protected": false, "dbIndex": false, "case": "", "encrypted": false, "redrawOn": "", "clearOnHide": true, "customDefaultValue": "", "calculateValue": "", "allowCalculateOverride": false, "validateOn": "change", "validate": {"required": false, "pattern": "", "customMessage": "", "custom": "", "customPrivate": false, "json": "", "minLength": "", "maxLength": "", "strictDateValidation": false}, "unique": false, "errorLabel": "", "key": "city", "tags": "", "properties": {}, "conditional": {"show": null, "when": null, "eq": "", "json": ""}, "customConditional": "", "logic": [], "attributes": {}, "overlay": {"style": "", "page": "", "left": "", "top": "", "width": "", "height": ""}, "type": "textfield", "input": true, "refreshOn": "", "inputType": "text", "defaultValue": "", "hideOnChildrenHidden": false, "id": "euugzgq"}], "width": 2, "offset": 0, "push": 0, "pull": 0}, {"components": [{"label": "State", "labelPosition": "top", "widget": "choicesjs", "placeholder": "", "description": "", "tooltip": "", "customClass": "", "tabindex": "", "hidden": false, "hideLabel": false, "autofocus": false, "disabled": false, "alwaysEnabled": false, "tableView": true, "multiple": false, "dataSrc": "url", "data": {"values": [{"value": "adv001", "label": "Adv. 001"}, {"label": "Adv. 002", "value": "adv002"}], "resource": "", "url": "data", "headers": [{}], "json": "", "custom": ""}, "valueProperty": "", "dataType": "", "template": "<span>{{ item.label }}</span>", "searchEnabled": true, "selectThreshold": 0.3, "readOnlyValue": false, "customOptions": {}, "persistent": true, "protected": false, "dbIndex": false, "encrypted": false, "clearOnHide": true, "customDefaultValue": "", "calculateValue": "", "allowCalculateOverride": false, "validateOn": "change", "validate": {"required": true, "customMessage": "", "custom": "", "customPrivate": false, "json": "", "unique": false, "multiple": false, "strictDateValidation": false}, "unique": false, "errorLabel": "", "key": "state_id", "tags": "", "properties": {}, "conditional": {"show": null, "when": null, "eq": "", "json": ""}, "customConditional": "", "logic": [], "attributes": {}, "overlay": {"style": "", "page": "", "left": "", "top": "", "width": "", "height": ""}, "type": "select", "minSearch": 0, "filter": "model=res.country.state&label=name", "limit": 100, "indexeddb": {"filter": {}}, "input": true, "value": "advertisementNo", "hideOnChildrenHidden": false, "prefix": "", "suffix": "", "refreshOn": "", "redrawOn": "", "showCharCount": false, "showWordCount": false, "allowMultipleMasks": false, "clearOnRefresh": false, "lazyLoad": true, "searchField": "", "authenticate": false, "selectFields": "", "searchThreshold": 0.3, "fuseOptions": {"include": "score", "threshold": 0.3}, "id": "et02buc", "defaultValue": {}}], "width": 2, "offset": 0, "push": 0, "pull": 0}, {"components": [{"label": "Country", "labelPosition": "top", "widget": "choicesjs", "placeholder": "", "description": "", "tooltip": "", "customClass": "", "tabindex": "", "hidden": false, "hideLabel": false, "autofocus": false, "disabled": false, "alwaysEnabled": false, "tableView": true, "multiple": false, "dataSrc": "url", "data": {"values": [{"value": "adv001", "label": "Adv. 001"}, {"label": "Adv. 002", "value": "adv002"}], "resource": "", "url": "data", "headers": [{}], "json": "", "custom": ""}, "valueProperty": "", "dataType": "", "template": "<span>{{ item.label }}</span>", "searchEnabled": true, "selectThreshold": 0.3, "readOnlyValue": false, "customOptions": {}, "persistent": true, "protected": false, "dbIndex": false, "encrypted": false, "clearOnHide": true, "customDefaultValue": "", "calculateValue": "", "allowCalculateOverride": false, "validateOn": "change", "validate": {"required": true, "customMessage": "", "custom": "", "customPrivate": false, "json": "", "unique": false, "multiple": false, "strictDateValidation": false}, "unique": false, "errorLabel": "", "key": "country_id1", "tags": "", "properties": {}, "conditional": {"show": null, "when": null, "eq": "", "json": ""}, "customConditional": "", "logic": [], "attributes": {}, "overlay": {"style": "", "page": "", "left": "", "top": "", "width": "", "height": ""}, "type": "select", "minSearch": 0, "filter": "model=res.country&label=name", "limit": 100, "indexeddb": {"filter": {}}, "input": true, "value": "advertisementNo", "hideOnChildrenHidden": false, "prefix": "", "suffix": "", "refreshOn": "", "redrawOn": "", "showCharCount": false, "showWordCount": false, "allowMultipleMasks": false, "clearOnRefresh": false, "lazyLoad": true, "searchField": "", "authenticate": false, "selectFields": "", "searchThreshold": 0.3, "fuseOptions": {"include": "score", "threshold": 0.3}, "id": "e6mwpm", "defaultValue": {}}], "width": 2, "offset": 0, "push": 0, "pull": 0}, {"components": [{"label": "Zip", "labelPosition": "top", "placeholder": "", "description": "", "tooltip": "", "prefix": "", "suffix": "", "widget": {"type": "input"}, "customClass": "", "tabindex": "", "hidden": false, "hideLabel": false, "mask": false, "autofocus": false, "spellcheck": true, "disabled": false, "alwaysEnabled": false, "tableView": false, "multiple": false, "persistent": true, "delimiter": false, "requireDecimal": false, "inputFormat": "plain", "protected": false, "dbIndex": false, "case": "", "encrypted": false, "redrawOn": "", "clearOnHide": true, "customDefaultValue": "", "calculateValue": "", "allowCalculateOverride": false, "validateOn": "change", "validate": {"required": false, "customMessage": "", "custom": "", "customPrivate": false, "json": "", "min": "", "max": "", "strictDateValidation": false, "step": "any", "integer": ""}, "errorLabel": "", "key": "zip", "tags": "", "properties": {}, "conditional": {"show": null, "when": null, "eq": "", "json": ""}, "customConditional": "", "logic": [], "attributes": {}, "overlay": {"style": "", "page": "", "left": "", "top": "", "width": "", "height": ""}, "type": "number", "input": true, "unique": false, "refreshOn": "", "showCharCount": false, "showWordCount": false, "allowMultipleMasks": false, "hideOnChildrenHidden": false, "defaultValue": null, "id": "erzkdl"}], "width": 2, "offset": 0, "push": 0, "pull": 0}], "key": "columns1", "type": "columns", "input": false, "path": "columns1"}], "path": "communicationAddress"}], "path": "applicationFeeDetails"}, {"label": "Submit", "showValidations": false, "key": "submit", "type": "button", "input": true, "validate": {"unique": false, "multiple": false}}]}</field>
        </record>
    </data>
</odoo>
