<odoo>
     <record model="ir.module.category" id="module_km_document">
        <field name="name">KM Document</field>
        <field name="description">Help You For Knowledge Documents</field>
        <field name="sequence">20</field>
    </record>

    <record id="group_manager_km_document" model="res.groups">
        <field name="name">KM Document Manager</field>
        <field name="category_id" ref="module_km_document"/>
    </record>
    <record id="group_user_km_document" model="res.groups">
        <field name="name">KM Document User</field>
        <field name="category_id" ref="module_km_document"/>
    </record>


</odoo>