<odoo>
     <record model="ir.module.category" id="module_ihm_document">
        <field name="name">ih Document</field>
        <field name="description">Help You For Knowledge Documents</field>
        <field name="sequence">20</field>
    </record>

    <record id="group_manager_ihm_document" model="res.groups">
        <field name="name">ih Document Manager</field>
        <field name="category_id" ref="module_ihm_document"/>
    </record>
    <record id="group_user_ihm_document" model="res.groups">
        <field name="name">ih Document User</field>
        <field name="category_id" ref="module_ihm_document"/>
    </record>


</odoo>